[
    {
      "id": 11,
      "name": "Venom",
      "cover": "https://resizing.flixster.com/w7oW9FQj1r-lvHn2aNpWEMbXqWc=/180x257/v2/https://resizing.flixster.com/m-_iSmK-QO9H2Iurcv7uu4TrxCM=/ems.ZW1zLXByZC1hc3NldHMvbW92aWVzLzYwZGZhODY3LTI2YzktNGVkYy05YWJlLTVmMGNmMTY2YWZhNS5qcGc=",
      "rating": 2.15,
      "reviews": [
      ]
    },
    {
      "id": 12,
      "name": "The Addam's Family 2",
      "cover": "https://resizing.flixster.com/Qsv4_iz7c6JhCNvUzgN9ixD4DY8=/180x257/v2/https://resizing.flixster.com/UkjsCuTQE9TsbaUBjv1306fV-PA=/ems.ZW1zLXByZC1hc3NldHMvbW92aWVzLzYwYTEzY2RkLTUwZjQtNGQyYS04Y2YyLTM1N2VkOWRhNGMxZS5qcGc=",
      "rating": 1.85,
      "reviews": [
      ]
    },
    {
      "id": 13,
      "name": "The many saints of Newark",
      "cover": "https://resizing.flixster.com/RepJk2Zmhgnc0xnya0rATtYp6Fw=/180x257/v2/https://resizing.flixster.com/y1aWFiU0Xb1pWJdnPD8YQ9nUKFM=/ems.ZW1zLXByZC1hc3NldHMvbW92aWVzLzY0YjU4NmQ3LWIxNzktNDMxOS05Yjg3LWU2YmJiNWIyMDBiZS5qcGc=",
      "rating": 3.25,
      "reviews": [
      ]
    },
    {
      "id": 14,
      "name": "Free Guy",
      "cover": "https://resizing.flixster.com/uNc3CW-Fa09jrPAkm8XZpNjhzYo=/180x257/v2/https://resizing.flixster.com/xwxxJB2xH5NdYHpX_VBGwBtT54I=/ems.ZW1zLXByZC1hc3NldHMvbW92aWVzL2U1NzRmM2YxLWJmZjctNDYzNS05Mjk4LTVmOGM4NGJiMTQwMS5qcGc=",
      "rating": 4.15,
      "reviews": [
      ]
    },
    {
      "id": 15,
      "name": "Candy Man",
      "cover": "https://resizing.flixster.com/PsxQgGOGHuH7uZnVYeiIeqh0H-M=/180x257/v2/https://resizing.flixster.com/Hpqr7nXbuWjldQs_1XGUyPExDto=/ems.ZW1zLXByZC1hc3NldHMvbW92aWVzL2MyZDU0OTU5LWMyNDEtNDUyOC1hZmYyLTQwOGE2ZWQ2NjhmMy5qcGc=",
      "rating": 3.45,
      "reviews": [
      ]
    },
    {
      "id": 16,
      "name": "The Card Counter",
      "cover": "https://resizing.flixster.com/Ysr6evIRXM5qV6unZwhrFTDklu4=/180x257/v2/https://resizing.flixster.com/LfEmWhyYSAJEqbT9BKeFZJQHBOs=/ems.ZW1zLXByZC1hc3NldHMvbW92aWVzLzAyZWMwZjFiLWU0NWYtNDEyOC04ZjJkLTA3MjM5ZjAzODMxMS5qcGc=",
      "rating": 3.85,
      "reviews": [
      ]
    }
  ]